[   
    {
        "id": 1,
        "seats": 5,
        "data": {
            "Hannah Grace": "Pending",
            "Mary Philips": "Ordered",
            "Jack Robinson": "Pending",
            "Sam Ogunbiyi": "Ordered"
        }
    },
    {
        "id": 2,
        "seats": 5,
        "data": {
            "Deborah Sodiya": "Pending",
            "Mfon Smith": "Pending",
            "Dean Essien": "Pending",
            "Olamide David": "Ordered",
            "Jeremiah Papey": "Pending"
        }
    },
    {
        "id": 3,
        "seats": 5,
        "data": {
            "Percy Sey": "Pending",
            "Victor Equere": "Ordered",
            "Richard Mike": "Pending",
            "Hamilton George": "Ordered",
            "Joseph Nnage": "Ordered"
        }
    },
    {
        "id": 4,
        "seats": 5,
        "data": {
            "Olaremi Tunji": "Pending",
            "Bayo Salako": "Ordered",
            "Femi Adisa": "Pending",
            "Alex Scott": "Ordered",
            "Moromola Williams": "Ordered"
        }
    },
    {
        "id": 5,
        "seats": 5,
        "data": {
            "Bankole Sharon": "Pending",
            "Funke Matthews": "Ordered",
            "Jennifer Betuga": "Pending",
            "Divine Peace": "Ordered",
            "Michael Ugbede": "Ordered"
        }
    }
]